id,attribute_ids
55_80_5967427,55
55_18_2357493,55
55_10_7808001,55
55_19_4904863,55
55_62_4946672,55
55_49_8217657,55
55_47_7949861,55
55_29_9036354,55
55_34_108692,55
43_8_8798961,43
43_4_8913392,43
43_66_858307,43
43_55_2046622,43
43_7_2525473,43
43_37_6286983,43
43_65_1741211,43
43_0_26756,43
43_63_4338075,43
43_12_468627,43
43_3_6191808,43
43_11_616973,43
43_33_7758794,43
43_47_9258374,43
43_50_9085939,43
43_23_2022877,43
43_61_215760,43
43_68_4959575,43
43_67_3643323,43
43_70_2870995,43
43_5_9781445,43
43_22_2457653,43
43_36_6961117,43
43_44_9236029,43
43_59_9554490,43
43_2_5842765,43
60_3_9905656,60
60_53_930335,60
60_30_8725219,60
60_26_5717439,60
60_25_646687,60
60_58_6143450,60
60_5_2815122,60
60_45_7713078,60
60_40_8402973,60
60_31_9304187,60
60_36_3791002,60
60_32_7680302,60
60_48_2538374,60
60_37_4715812,60
60_63_6423525,60
60_41_412546,60
60_52_9193334,60
60_7_4570899,60
60_49_7891991,60
60_42_7458057,60
60_2_4425669,60
60_10_9775859,60
60_28_4092182,60
60_13_3025699,60
60_24_1025566,60
60_11_9253286,60
32_17_5628327,32
32_54_314037,32
32_43_8852935,32
32_9_3659546,32
32_55_3521712,32
32_56_4365683,32
32_0_3282268,32
32_29_128296,32
32_60_5834471,32
32_6_7771836,32
32_40_3817779,32
32_42_8042681,32
32_37_2081429,32
32_27_4234778,32
32_44_7209295,32
32_53_1917634,32
32_32_6127916,32
32_70_3688647,32
32_28_7263230,32
32_52_5166864,32
32_38_7847109,32
32_22_4535207,32
32_66_1988360,32
32_67_8355977,32
32_18_7079447,32
32_5_8247431,32
32_57_8048622,32
32_49_4204245,32
65_44_4470663,65
65_43_6245312,65
65_14_3534608,65
65_42_3526143,65
65_1_315654,65
65_26_4413468,65
65_7_7874961,65
65_51_350567,65
65_61_4428914,65
65_69_1673995,65
65_27_2585715,65
65_18_7568588,65
65_3_2918805,65
65_17_3701622,65
65_40_6915355,65
65_13_2582326,65
65_54_375868,65
65_22_4690280,65
65_2_8424145,65
65_48_7022285,65
65_41_4025412,65
65_52_4629986,65
65_68_3151065,65
65_30_3306848,65
65_37_4897152,65
65_15_1115945,65
65_31_1817905,65
65_5_3766352,65
61_2_7198317,61
61_32_4625018,61
61_43_136907,61
61_30_7017991,61
61_16_6660559,61
61_22_7220412,61
61_36_4384668,61
61_35_230404,61
61_44_6388444,61
61_39_4172874,61
61_4_1333059,61
61_69_9594556,61
61_70_543708,61
61_19_8830062,61
61_13_5728368,61
61_61_9874701,61
61_0_7566528,61
61_62_6492216,61
61_50_9048162,61
61_41_1854870,61
61_47_1434152,61
61_55_6883844,61
61_65_317143,61
61_34_4157673,61
61_1_1417348,61
61_37_7872156,61
61_18_3679601,61
61_12_2643363,61
61_28_7311053,61
42_29_6226849,42
42_14_7100216,42
42_17_7424088,42
42_31_5359048,42
42_44_4563187,42
42_43_561586,42
42_40_1623841,42
42_35_8380502,42
42_46_6023631,42
42_36_8282148,42
42_21_8623688,42
42_47_1960305,42
42_37_1162838,42
42_12_4220591,42
42_1_4266082,42
42_24_5751055,42
42_49_593893,42
42_39_7720465,42
42_32_668760,42
42_38_8570543,42
42_13_1130006,42
42_45_1540976,42
42_27_1382355,42
42_4_9041907,42
42_48_8831369,42
42_10_308872,42
42_15_2917709,42
42_7_1886202,42
42_30_2300709,42
42_8_8955665,42
42_9_1079867,42
42_0_1761439,42
42_41_3766296,42
42_26_4140617,42
42_25_1063998,42
42_5_4164082,42
42_34_5150078,42
42_42_18689,42
42_18_274623,42
42_11_1480598,42
42_16_5388375,42
42_6_2717639,42
42_2_5781553,42
42_20_625739,42
42_3_5003918,42
42_28_4315030,42
42_19_3438577,42
42_33_3185195,42
42_22_2042674,42
42_23_2667568,42
40_24_2281157,40
40_46_10418,40
40_33_3376310,40
40_6_6947912,40
40_11_1045005,40
40_39_1754426,40
40_36_512251,40
40_4_5330547,40
40_21_4570468,40
40_38_8398570,40
40_20_3582267,40
40_16_7172373,40
40_17_3911412,40
40_13_5547507,40
40_22_6627354,40
40_2_4101082,40
40_43_4484222,40
40_47_990334,40
40_44_7849392,40
40_5_7880643,40
40_0_6314886,40
40_25_9393005,40
40_16_6681689,40
40_40_6047336,40
40_29_19053,40
40_44_3945220,40
40_8_3995563,40
40_35_3296174,40
40_19_5485293,40
40_26_9792646,40
40_18_4008138,40
40_32_1350957,40
40_23_3552226,40
40_14_5256751,40
40_15_3952286,40
40_10_4226067,40
40_37_4223210,40
40_42_8402888,40
40_30_8027086,40
40_12_2390302,40
40_41_7663637,40
40_34_8048663,40
40_7_8048192,40
40_1_3633817,40
40_9_801133,40
40_3_7139810,40
40_29_4663882,40
40_2_68131,40
40_28_4326287,40
40_31_9259255,40
40_27_4446291,40
40_45_2376370,40
69_10_3688607,69
69_39_3403321,69
69_9_9756768,69
69_12_8118128,69
69_33_4534713,69
69_0_3982154,69
69_4_5704954,69
69_16_5507658,69
69_3_5483582,69
69_1_2034570,69
69_24_793238,69
69_41_2528799,69
69_26_8120342,69
69_15_2119645,69
69_7_7024887,69
69_38_6482621,69
69_35_6102312,69
69_8_7242218,69
69_21_4108281,69
69_25_7861549,69
69_31_402559,69
69_14_9897675,69
69_34_3391986,69
69_32_9909069,69
69_13_8941590,69
69_23_7906698,69
69_28_3639461,69
69_29_441939,69
69_25_7653643,69
69_18_255813,69
69_38_2566934,69
69_2_8503377,69
69_19_9579527,69
69_24_4794653,69
69_37_1157667,69
69_15_4753354,69
69_27_2392701,69
69_30_4788983,69
69_7_5244095,69
69_20_1693843,69
69_23_8034517,69
69_36_8552311,69
69_42_3672638,69
69_0_4242646,69
69_9_1511800,69
69_5_9291806,69
69_35_781069,69
69_11_1455549,69
69_14_6447342,69
69_19_980140,69
69_17_4877934,69
69_22_7960582,69
69_16_5203180,69
69_6_7755037,69
69_33_3771459,69
69_36_4986193,69
69_40_1654308,69
24_15_4125048,24
24_3_7365790,24
24_17_537705,24
24_39_7262493,24
24_5_1327400,24
24_36_9823073,24
24_10_2673654,24
24_2_8067744,24
24_19_6031633,24
24_16_9578567,24
24_23_6401113,24
24_13_4751527,24
24_35_4803405,24
24_14_2300871,24
24_21_458492,24
24_27_7264974,24
24_12_5618299,24
24_25_2890490,24
24_22_9068515,24
24_30_6118493,24
24_40_6318745,24
24_9_7836764,24
24_4_5801299,24
24_17_7782437,24
24_8_8647993,24
24_4_5246851,24
24_30_4265231,24
24_20_6667751,24
24_26_2741785,24
24_25_1766492,24
24_34_2499776,24
24_32_446825,24
24_11_809032,24
24_33_756851,24
24_15_3285528,24
24_12_3804757,24
24_23_6767430,24
24_1_9589857,24
24_6_5102900,24
24_29_1419623,24
24_31_1791086,24
24_37_9738962,24
24_7_2425494,24
24_18_2794263,24
24_11_1180821,24
24_8_8352962,24
24_26_2122341,24
24_38_6126136,24
24_29_2931474,24
24_31_8340578,24
24_5_8459889,24
24_14_3346045,24
24_24_1029062,24
24_28_9491426,24
24_39_3323962,24
24_35_3037764,24
24_0_4033305,24
24_7_7697768,24
24_22_2650721,24
44_17_8611557,44
44_20_1434464,44
44_25_1586421,44
44_19_7883431,44
44_0_3349684,44
44_18_4979052,44
44_22_6555532,44
44_0_9991760,44
44_1_4565610,44
44_11_3071387,44
44_11_4052992,44
44_28_137265,44
44_24_1105864,44
44_22_5496374,44
44_6_2594181,44
44_27_5326719,44
44_12_4189405,44
44_10_7437880,44
44_13_5468887,44
44_4_3969791,44
44_14_1529138,44
44_32_1096646,44
44_29_5479896,44
44_6_6748347,44
44_34_8479993,44
44_8_921594,44
44_12_8097964,44
44_9_8306316,44
44_26_7589958,44
44_32_8009164,44
44_8_8650026,44
44_21_8085137,44
44_16_2753825,44
44_27_9145056,44
44_15_1961782,44
44_31_5922294,44
44_21_7811566,44
44_31_1290081,44
44_13_2161074,44
44_3_5208933,44
44_33_1654979,44
44_19_6175411,44
44_14_8435008,44
44_5_8234234,44
44_18_3579716,44
44_30_6310941,44
44_15_6556932,44
44_23_6335870,44
44_25_8613802,44
44_2_2387093,44
44_34_5079301,44
44_17_8697094,44
44_10_6449311,44
44_3_2778950,44
44_26_2022469,44
44_7_3107254,44
44_29_410396,44
44_24_6884353,44
44_4_3723003,44
44_5_215565,44
44_30_9642458,44
44_28_8799904,44
44_20_7098593,44
44_1_2662829,44
44_23_2398002,44
15_27_6197136,15
15_28_1108666,15
15_11_9458690,15
15_16_4295944,15
15_20_8917474,15
15_29_4729936,15
15_3_6553798,15
15_6_1542826,15
15_28_8292501,15
15_26_8974135,15
15_25_7788674,15
15_18_2196512,15
15_32_3017706,15
15_15_4893369,15
15_26_6143406,15
15_8_249881,15
15_23_2382137,15
15_5_4122832,15
15_15_2735010,15
15_22_4468141,15
15_12_3841464,15
15_1_1281156,15
15_7_6840122,15
15_21_1970661,15
15_4_2460151,15
15_8_843454,15
15_14_57432,15
15_31_7670918,15
15_5_6013252,15
15_7_2301039,15
15_32_7910102,15
15_31_252635,15
15_11_1595618,15
15_33_9951525,15
15_30_7152578,15
15_24_4654791,15
15_21_9834460,15
15_16_8702929,15
15_4_4060101,15
15_2_9002326,15
15_22_3679345,15
15_0_729505,15
15_10_35716,15
15_20_4157045,15
15_2_3758713,15
15_18_4810678,15
15_27_1026710,15
15_13_3259037,15
15_24_1687005,15
15_17_5313468,15
15_3_4004921,15
15_9_7619082,15
15_12_2550630,15
15_9_1830060,15
15_17_8899402,15
15_13_7234340,15
15_14_7650194,15
15_30_9454398,15
15_29_9493571,15
15_0_4740847,15
15_23_2485343,15
15_25_2649914,15
15_19_5649085,15
15_33_3954996,15
15_10_6940614,15
15_6_1349957,15
48_27_9019546,48
48_14_3977918,48
48_13_8866040,48
48_9_7901543,48
48_20_3321969,48
48_3_78400,48
48_6_854319,48
48_21_5363578,48
48_5_9552481,48
48_26_200811,48
48_22_993949,48
48_7_3458231,48
48_23_5131732,48
48_2_486867,48
48_31_3207198,48
48_3_7906961,48
48_31_3235833,48
48_13_4408140,48
48_11_1872348,48
48_19_2708179,48
48_29_3366474,48
48_14_2667376,48
48_30_9017372,48
48_21_2668980,48
48_28_2016352,48
48_33_2331124,48
48_18_7727344,48
48_24_9089554,48
48_15_4974990,48
48_32_9084336,48
48_22_4997795,48
48_32_6951221,48
48_25_7754007,48
48_1_8164827,48
48_12_2759356,48
48_10_3724331,48
48_0_4161973,48
48_0_1381635,48
48_25_8724166,48
48_20_5665861,48
48_30_7559610,48
48_7_1273833,48
48_1_7644877,48
48_6_2421265,48
48_29_9451321,48
48_12_1249792,48
48_11_8361358,48
48_5_3793634,48
48_23_6278520,48
48_26_6151280,48
48_24_6979759,48
48_9_2677277,48
48_2_5240351,48
48_8_8640221,48
48_27_7781557,48
48_33_4457951,48
48_16_2643975,48
48_8_5907971,48
48_19_137564,48
48_17_9403870,48
48_28_5108927,48
48_4_5760423,48
48_15_5063404,48
48_17_9669099,48
48_4_5829462,48
48_10_1886696,48
50_28_79444,50
50_15_5630394,50
50_28_4717020,50
50_9_7843827,50
50_10_1920973,50
50_20_352183,50
50_15_2947396,50
50_16_492962,50
50_17_7300930,50
50_24_1293403,50
50_22_8724448,50
50_21_5023933,50
50_25_4425362,50
50_21_6738534,50
50_5_905284,50
50_20_2291126,50
50_14_5535140,50
50_11_3658531,50
50_4_6389060,50
50_8_5795607,50
50_26_8843645,50
50_3_5246194,50
50_13_6121241,50
50_25_3720087,50
50_18_1934848,50
50_2_8946683,50
50_27_7906237,50
50_18_9767258,50
50_14_4390464,50
50_9_9310033,50
50_0_7725162,50
50_1_1811256,50
50_7_8559760,50
50_10_1439568,50
50_5_5159424,50
50_27_5979738,50
50_3_427864,50
50_19_2403075,50
50_26_3109413,50
50_22_6800756,50
50_18_6016974,50
50_24_4677277,50
50_1_9247382,50
50_19_9776448,50
50_22_5892133,50
50_0_3024695,50
50_2_9618985,50
50_26_4527262,50
50_23_8660580,50
50_23_140763,50
50_6_2372500,50
50_4_3306871,50
50_8_9116566,50
50_16_6781268,50
50_13_6407594,50
50_17_649471,50
50_19_3620321,50
50_4_848397,50
50_13_969409,50
50_2_5933135,50
50_11_270589,50
50_7_3539154,50
50_12_22794,50
50_21_2841821,50
50_20_2434886,50
50_16_1502903,50
50_6_437950,50
50_28_2728646,50
50_12_7730300,50
50_24_8166378,50
50_5_3817647,50
9_21_7015657,9
9_8_539872,9
9_17_591355,9
9_27_2391375,9
9_16_385373,9
9_4_7899009,9
9_5_4971824,9
9_26_2294224,9
9_13_6778806,9
9_26_1004160,9
9_10_5188470,9
9_14_4124222,9
9_17_8126364,9
9_13_6136700,9
9_6_7438275,9
9_3_3253273,9
9_8_4051049,9
9_23_2079688,9
9_14_8439929,9
9_18_1603609,9
9_27_9347856,9
9_2_4330979,9
9_13_9722635,9
9_2_7799667,9
9_15_2105824,9
9_5_3677533,9
9_20_4487277,9
9_22_815407,9
9_9_6269419,9
9_11_9617181,9
9_23_9978815,9
9_1_8566787,9
9_0_3157796,9
9_17_5965173,9
9_21_7322870,9
9_1_620603,9
9_0_9989647,9
9_27_2566002,9
9_6_9877128,9
9_16_1638115,9
9_14_1584999,9
9_16_3926667,9
9_5_5919886,9
9_20_4628723,9
9_10_8388862,9
9_24_7310797,9
9_12_7749916,9
9_19_5328202,9
9_9_5281484,9
9_22_2915080,9
9_12_6577117,9
9_3_2289164,9
9_8_9450499,9
9_10_1928377,9
9_25_422870,9
9_2_2398360,9
9_11_28661,9
9_18_4997026,9
9_26_9622146,9
9_7_9855964,9
9_24_783827,9
9_19_3649470,9
9_7_3287026,9
9_4_3604355,9
9_4_2214665,9
9_0_9205332,9
9_1_9995114,9
9_25_1277552,9
9_11_2249133,9
9_15_8133527,9
9_21_1609908,9
9_7_8382574,9
22_6_2873961,22
22_1_7476205,22
22_8_9475097,22
22_11_5701941,22
22_10_2536435,22
22_9_3473155,22
22_3_7958666,22
22_4_809460,22
22_9_7760709,22
22_17_5228968,22
22_2_3584989,22
22_15_2712803,22
22_21_2688532,22
22_13_2908295,22
22_6_471332,22
22_2_9522067,22
22_13_8685921,22
22_18_9352006,22
22_3_9437627,22
22_20_3646153,22
22_6_5152396,22
22_14_3742784,22
22_18_6449655,22
22_19_9016967,22
22_1_5379465,22
22_11_7323745,22
22_5_9146204,22
22_1_4702883,22
22_1_1708548,22
22_8_4233797,22
22_12_3774993,22
22_13_5591454,22
22_19_5866755,22
22_3_4468697,22
22_8_9714410,22
22_4_735265,22
22_16_4342943,22
22_14_5466308,22
22_7_9395327,22
22_6_2779052,22
22_20_3482142,22
22_19_4390414,22
22_5_4003547,22
22_10_9184007,22
22_12_2676003,22
22_10_6022105,22
22_12_9444321,22
22_0_769888,22
22_5_9296951,22
22_21_5605775,22
22_9_5370308,22
22_19_2432604,22
22_16_7135951,22
22_8_5953811,22
22_9_2208220,22
22_4_2995107,22
22_7_1700788,22
22_13_7613405,22
22_18_9805379,22
22_20_5347587,22
22_15_6462278,22
22_4_8693477,22
22_17_2234184,22
22_10_2694609,22
22_16_9258406,22
22_0_7218498,22
22_7_9894519,22
22_11_412756,22
22_16_4679330,22
22_20_1904628,22
22_14_5167716,22
22_15_3267961,22
22_0_5740572,22
22_21_2746459,22
22_17_9686033,22
22_0_6443323,22
22_15_4787824,22
22_2_3345869,22
59_13_7240625,59
59_4_7241898,59
59_17_4826311,59
59_4_473196,59
59_14_523096,59
59_3_1373925,59
59_7_7529027,59
59_14_2145691,59
59_13_164969,59
59_8_7028772,59
59_6_1455189,59
59_8_5306995,59
59_0_6257591,59
59_1_7312362,59
59_12_6659534,59
59_2_7968877,59
59_16_538695,59
59_17_3031780,59
59_12_7296384,59
59_20_7849504,59
59_11_153419,59
59_13_7620441,59
59_11_8375804,59
59_9_5133055,59
59_6_3460072,59
59_14_7424199,59
59_12_6417059,59
59_0_3595589,59
59_1_9680394,59
59_21_4563513,59
59_19_7471709,59
59_4_2103223,59
59_18_9116475,59
59_10_6847676,59
59_5_4434487,59
59_19_5351538,59
59_5_5126140,59
59_5_7888870,59
59_21_9828283,59
59_18_8548751,59
59_18_2146819,59
59_15_1491865,59
59_20_5878624,59
59_3_9264971,59
59_9_8807161,59
59_12_1242056,59
59_10_5338916,59
59_8_9378618,59
59_11_5384956,59
59_15_9765715,59
59_3_3811898,59
59_15_6377488,59
59_2_2788477,59
59_21_4047064,59
59_16_9618481,59
59_16_8944788,59
59_8_8760591,59
59_6_1575087,59
59_17_7662051,59
59_1_4948637,59
59_7_5016053,59
59_0_7982526,59
59_15_5638567,59
59_10_3902929,59
59_5_1797882,59
59_3_4073004,59
59_7_5374996,59
59_20_4246682,59
59_2_6701493,59
59_19_3702337,59
59_6_3380724,59
59_2_4711122,59
59_4_3578937,59
59_20_5143682,59
59_9_7255637,59
59_14_3435716,59
59_9_5903928,59
59_11_1682048,59
67_12_9508437,67
67_6_8821624,67
67_4_1370139,67
67_7_7265666,67
67_8_9946667,67
67_10_4896707,67
67_16_5830590,67
67_16_5698142,67
67_8_7723488,67
67_18_9373968,67
67_11_8826634,67
67_9_1051644,67
67_21_1751176,67
67_5_413804,67
67_11_6474329,67
67_17_6208114,67
67_18_4235660,67
67_17_2552644,67
67_15_3850805,67
67_17_5847981,67
67_1_2111643,67
67_5_3836848,67
67_0_6218966,67
67_10_309649,67
67_8_4057826,67
67_20_9424655,67
67_11_3558135,67
67_3_173214,67
67_11_2200929,67
67_15_7304045,67
67_6_8243650,67
67_2_5948671,67
67_10_526064,67
67_14_4175039,67
67_21_5749279,67
67_6_2846711,67
67_19_4616927,67
67_12_1476968,67
67_0_4641708,67
67_12_5761580,67
67_3_1237161,67
67_15_9591168,67
67_14_9388055,67
67_13_1984196,67
67_4_9058046,67
67_9_682582,67
67_2_9255536,67
67_14_6817516,67
67_21_4946414,67
67_13_8735908,67
67_1_8246094,67
67_7_3753308,67
67_3_3804678,67
67_18_3305140,67
67_20_9720733,67
67_9_5545052,67
67_0_3353197,67
67_18_3515400,67
67_13_9951708,67
67_3_2471924,67
67_16_799749,67
67_10_2435754,67
67_6_3822361,67
67_4_6664808,67
67_14_7179402,67
67_7_9971267,67
67_1_1789428,67
67_20_224666,67
67_20_9983543,67
67_19_4745577,67
67_4_3936643,67
67_1_2290970,67
67_9_3667309,67
67_17_1543407,67
67_2_8201464,67
67_19_5314153,67
67_7_3434239,67
67_5_3247675,67
17_10_9300136,17
17_6_1988611,17
17_0_823962,17
17_0_3598769,17
17_16_5651103,17
17_1_2397019,17
17_17_6921461,17
17_3_4303019,17
17_3_9989530,17
17_6_9275111,17
17_14_5345402,17
17_5_3753246,17
17_5_1129968,17
17_4_7375043,17
17_11_9499109,17
17_2_6140422,17
17_10_7587046,17
17_5_1593465,17
17_0_770784,17
17_14_8221728,17
17_2_5608763,17
17_19_3080293,17
17_14_4357211,17
17_2_2843698,17
17_12_3423722,17
17_13_1162500,17
17_5_739907,17
17_10_3563783,17
17_9_8552183,17
17_15_6572287,17
17_4_8683880,17
17_13_9768131,17
17_17_2662752,17
17_8_3498277,17
17_11_5256355,17
17_3_4781034,17
17_4_9252990,17
17_0_2488125,17
17_16_7316029,17
17_15_8791962,17
17_17_3082921,17
17_9_7784938,17
17_7_4610912,17
17_1_1538593,17
17_6_4853664,17
17_4_2818372,17
17_19_8450230,17
17_8_8372663,17
17_15_3966760,17
17_12_2057647,17
17_8_6950858,17
17_14_3778852,17
17_16_2011963,17
17_8_4173471,17
17_18_8660775,17
17_13_1223307,17
17_12_6474531,17
17_11_2640716,17
17_9_7902992,17
17_19_1144747,17
17_15_6700204,17
17_18_1934220,17
17_7_7901412,17
17_9_7163712,17
17_1_2437224,17
17_1_433515,17
17_13_3298038,17
17_18_7297007,17
17_2_8371935,17
17_16_618734,17
17_3_514461,17
17_7_8811947,17
17_17_1481723,17
17_11_4114139,17
17_10_9479988,17
17_6_8299539,17
17_12_3393919,17
17_7_2074072,17
17_18_8713738,17
17_19_9771759,17
0_16_9678880,0
0_14_7157140,0
0_10_6412898,0
0_3_1617171,0
0_13_8972310,0
0_7_9704395,0
0_9_8187352,0
0_11_5811154,0
0_13_9659406,0
0_2_9230223,0
0_13_8889587,0
0_15_6261912,0
0_16_8899577,0
0_17_1848421,0
0_2_9460721,0
0_8_6148125,0
0_6_9367263,0
0_12_2858062,0
0_7_3996058,0
0_0_1578443,0
0_9_7223893,0
0_1_9864113,0
0_4_2820952,0
0_4_4957385,0
0_3_6269040,0
0_11_8472155,0
0_5_5057658,0
0_15_1666205,0
0_11_4785423,0
0_12_2009604,0
0_8_4206466,0
0_8_4042890,0
0_0_2557982,0
0_10_1873147,0
0_0_2894837,0
0_15_6127058,0
0_3_280394,0
0_5_4460329,0
0_1_6927244,0
0_14_2107651,0
0_4_996266,0
0_12_5563636,0
0_1_7425151,0
0_2_3217793,0
0_8_9921983,0
0_14_4175156,0
0_12_6360209,0
0_9_1014924,0
0_11_5778857,0
0_17_6061702,0
0_1_3339245,0
0_7_5960955,0
0_17_5355882,0
0_4_7955071,0
0_0_7096578,0
0_10_2557107,0
0_16_9469871,0
0_10_3503674,0
0_15_4491932,0
0_9_1359565,0
0_16_473983,0
0_5_3693377,0
0_15_9118212,0
0_12_9454103,0
0_14_8836788,0
0_6_5702767,0
0_6_2752570,0
0_17_2288167,0
0_3_2310007,0
0_5_1602128,0
0_0_6333148,0
0_10_9443039,0
0_2_4853545,0
0_11_246481,0
0_6_7013436,0
0_13_1176776,0
0_2_9076391,0
0_6_6147438,0
0_7_2422049,0
0_7_1309823,0
0_17_5420902,0
0_3_8036199,0
52_12_2803243,52
52_10_2867336,52
52_5_7183224,52
52_11_579116,52
52_10_592748,52
52_8_1497040,52
52_5_8097981,52
52_3_6562750,52
52_4_4663806,52
52_12_4573916,52
52_15_6112268,52
52_3_9961634,52
52_1_877846,52
52_9_5301940,52
52_16_4994184,52
52_12_8399768,52
52_0_4706204,52
52_9_718664,52
52_16_1852188,52
52_1_8653855,52
52_1_7826830,52
52_4_8761292,52
52_0_1683213,52
52_13_3550527,52
52_7_9886653,52
52_5_349635,52
52_7_4550954,52
52_12_4420852,52
52_2_6080003,52
52_2_4601181,52
52_7_9850860,52
52_0_2358402,52
52_14_3552480,52
52_15_4090433,52
52_8_8485512,52
52_15_5003067,52
52_4_8041091,52
52_4_4309979,52
52_3_1006742,52
52_10_2784871,52
52_7_5271437,52
52_8_6110447,52
52_2_5934767,52
52_14_8565037,52
52_1_3303006,52
52_3_9232372,52
52_1_340989,52
52_13_2010856,52
52_8_7659870,52
52_14_5802113,52
52_13_7473663,52
52_15_6187143,52
52_0_5765031,52
52_14_9983373,52
52_6_743331,52
52_10_9663866,52
52_11_297800,52
52_2_9116035,52
52_9_7083925,52
52_11_6751553,52
52_9_9250213,52
52_11_3778472,52
52_9_4168269,52
52_16_5287571,52
52_15_6850647,52
52_13_6378523,52
52_6_4757409,52
52_12_9586544,52
52_8_455830,52
52_7_9344291,52
52_5_9998251,52
52_0_4899104,52
52_16_6164182,52
52_13_7612267,52
52_16_8517382,52
52_11_4059247,52
52_5_372781,52
52_14_5247632,52
52_10_2100045,52
52_3_5562445,52
52_6_6310476,52
52_6_3070239,52
52_6_9016502,52
12_10_4240404,12
12_12_9982313,12
12_12_485770,12
12_6_2746489,12
12_0_5723245,12
12_8_9762020,12
12_8_2980699,12
12_4_6619711,12
12_8_2754199,12
12_1_7763397,12
12_1_223247,12
12_7_4622034,12
12_13_9423475,12
12_7_52668,12
12_12_2458015,12
12_10_525246,12
12_4_1583468,12
12_3_374614,12
12_9_5451234,12
12_4_4763763,12
12_1_806165,12
12_2_6125205,12
12_5_3970459,12
12_6_7870685,12
12_2_9793825,12
12_6_2414713,12
12_12_7858270,12
12_2_3162865,12
12_10_1542400,12
12_11_7207493,12
12_10_8769286,12
12_2_1227996,12
12_13_5193469,12
12_12_4105766,12
12_9_8199155,12
12_8_9099013,12
12_11_4635375,12
12_5_5680273,12
12_13_5537189,12
12_11_51859,12
12_10_7398158,12
12_8_7895346,12
12_1_6950292,12
12_4_8242762,12
12_1_7393290,12
12_13_6451854,12
12_0_8028344,12
12_7_903263,12
12_5_8080966,12
12_6_1223656,12
12_8_8140166,12
12_9_2548186,12
12_2_2127689,12
12_11_3012949,12
12_3_795800,12
12_3_3590545,12
12_6_6400153,12
12_1_927142,12
12_0_8304043,12
12_5_8835077,12
12_5_4853949,12
12_13_993771,12
12_13_6108054,12
12_3_7961831,12
12_11_5336333,12
12_7_229284,12
12_2_9322021,12
12_9_5986809,12
12_12_9296612,12
12_7_2765649,12
12_6_1329423,12
12_4_7882547,12
12_0_3646964,12
12_3_4852162,12
12_4_8971403,12
12_9_1683930,12
12_0_8812250,12
12_0_6310367,12
12_3_6716522,12
12_7_2746007,12
12_9_5513872,12
12_9_2522889,12
12_3_3822577,12
12_10_7226541,12
12_11_2158617,12
12_5_5621320,12
2_8_4576634,2
2_7_8435779,2
2_4_9833149,2
2_8_8361493,2
2_13_7203198,2
2_7_7244478,2
2_10_9459310,2
2_11_669553,2
2_4_919468,2
2_3_7739903,2
2_8_3823474,2
2_2_9841298,2
2_5_3720511,2
2_7_7572827,2
2_6_3764845,2
2_3_1056543,2
2_10_2022457,2
2_1_1705143,2
2_6_5286866,2
2_11_8263171,2
2_1_2983018,2
2_13_5337639,2
2_0_4628240,2
2_6_2990353,2
2_11_7330644,2
2_3_3365844,2
2_2_203858,2
2_9_5906391,2
2_13_3729659,2
2_11_4693389,2
2_0_9810363,2
2_12_2221941,2
2_2_3813108,2
2_9_1672384,2
2_12_2309282,2
2_11_2716728,2
2_12_2871088,2
2_3_2058403,2
2_0_5032825,2
2_9_3529992,2
2_3_143837,2
2_1_7751302,2
2_5_3640448,2
2_5_4815486,2
2_5_3008982,2
2_6_3847611,2
2_9_3531218,2
2_12_890238,2
2_5_5310466,2
2_10_4619840,2
2_6_8924067,2
2_12_2037204,2
2_2_1333322,2
2_10_4275613,2
2_4_1034436,2
2_8_5457658,2
2_2_4666828,2
2_12_1510946,2
2_13_2949737,2
2_1_1036240,2
2_1_602023,2
2_13_7826931,2
2_0_7363473,2
2_9_9992934,2
2_13_5444742,2
2_11_9307454,2
2_10_5528033,2
2_4_6978955,2
2_5_2112543,2
2_8_2473142,2
2_8_6778071,2
2_7_8983110,2
2_4_1511770,2
2_0_8777769,2
2_10_4167268,2
2_2_4271965,2
2_8_6804095,2
2_9_8587475,2
2_1_9498876,2
2_10_3737897,2
2_7_3294563,2
2_0_8548401,2
2_3_3783992,2
2_4_5107757,2
2_6_4836109,2
2_7_3366927,2
27_11_9471105,27
27_12_4405925,27
27_8_9988837,27
27_7_6585170,27
27_5_5336868,27
27_2_8459603,27
27_4_7457944,27
27_8_8572370,27
27_1_3490562,27
27_4_5046507,27
27_8_7485491,27
27_0_7899238,27
27_5_8197383,27
27_5_4034099,27
27_7_5539315,27
27_12_7936417,27
27_3_1003222,27
27_5_6989233,27
27_4_430791,27
27_1_5620806,27
27_4_6692196,27
27_7_4770932,27
27_1_3859084,27
27_3_7901661,27
27_8_4852715,27
27_0_541971,27
27_0_6140392,27
27_10_9669263,27
27_6_8459781,27
27_6_7385935,27
27_9_7896028,27
27_12_8170981,27
27_0_6765849,27
27_5_5061763,27
27_5_2002216,27
27_6_9437048,27
27_2_3294954,27
27_0_1048485,27
27_9_1746354,27
27_10_3905676,27
27_0_6647961,27
27_10_7278154,27
27_6_5564831,27
27_3_975455,27
27_3_7346993,27
27_7_3662847,27
27_11_5779427,27
27_3_9082442,27
27_8_2547565,27
27_9_3946443,27
27_12_4701214,27
27_1_471272,27
27_8_2686152,27
27_6_7574243,27
27_11_380594,27
27_9_254992,27
27_11_8125147,27
27_7_8133182,27
27_9_3967742,27
27_9_8607631,27
27_12_9393592,27
27_2_9152681,27
27_4_5408007,27
27_11_9218386,27
27_6_9292394,27
27_9_3734908,27
27_3_8281069,27
27_2_7505944,27
27_7_8385027,27
27_1_1169774,27
27_10_4625673,27
27_0_5279689,27
27_11_5983532,27
27_12_2695397,27
27_10_4128860,27
27_3_1148466,27
27_2_959110,27
27_1_8256283,27
27_6_1647564,27
27_10_4250127,27
27_4_2162510,27
27_2_7581778,27
27_10_7932995,27
27_12_892303,27
27_4_1338301,27
27_1_8540905,27
27_11_2180343,27
64_5_5411395,64
64_4_2236946,64
64_7_6425860,64
64_4_625559,64
64_12_757553,64
64_1_1714366,64
64_11_7530053,64
64_11_5281356,64
64_11_3639752,64
64_8_4643348,64
64_5_4196123,64
64_6_8347586,64
64_8_657975,64
64_4_8101870,64
64_6_5475279,64
64_7_9551415,64
64_9_1851784,64
64_3_1781033,64
64_2_6195391,64
64_7_3006791,64
64_0_6162764,64
64_8_8543390,64
64_10_3302706,64
64_1_478362,64
64_9_1956165,64
64_6_417926,64
64_1_8181780,64
64_10_9739558,64
64_8_5623103,64
64_12_7750245,64
64_5_6250624,64
64_0_5285150,64
64_8_559726,64
64_2_4802001,64
64_2_4761987,64
64_9_8657767,64
64_7_3657020,64
64_4_4043186,64
64_2_1195186,64
64_8_4919950,64
64_12_3315845,64
64_8_9069052,64
64_10_6778300,64
64_10_8468867,64
64_11_6114493,64
64_3_9771598,64
64_0_2636686,64
64_12_8587766,64
64_0_1990784,64
64_3_6682715,64
64_10_9507124,64
64_3_7801759,64
64_10_3465908,64
64_5_3303280,64
64_7_3600404,64
64_0_9242085,64
64_2_1877846,64
64_1_5915428,64
64_12_5662601,64
64_7_9374884,64
64_0_9753975,64
64_9_2374022,64
64_1_2475134,64
64_3_5729919,64
64_4_111807,64
64_9_8694221,64
64_6_5562021,64
64_5_1344145,64
64_5_7582449,64
64_6_7467695,64
64_4_8324411,64
64_3_4055592,64
64_11_4155020,64
64_12_4893054,64
64_11_4418235,64
64_5_5779189,64
64_6_6137624,64
64_9_4929175,64
64_7_2701449,64
64_2_2279165,64
64_2_5585363,64
64_1_7732267,64
64_3_9672469,64
64_9_1700921,64
64_4_6566295,64
64_12_7410197,64
64_1_8369934,64
28_0_1599387,28
28_4_9527293,28
28_4_9967475,28
28_5_6894165,28
28_9_4553709,28
28_5_1564891,28
28_8_2342734,28
28_9_5413040,28
28_2_4953699,28
28_8_9361785,28
28_7_5129154,28
28_9_2324939,28
28_7_6680714,28
28_7_9463865,28
28_11_8781434,28
28_8_6038487,28
28_8_9082047,28
28_10_78400,28
28_0_3501163,28
28_4_7778162,28
28_10_8620421,28
28_7_1557034,28
28_5_4634840,28
28_4_8491485,28
28_6_9010661,28
28_6_7377841,28
28_2_9778919,28
28_9_6894500,28
28_8_9990670,28
28_3_8439562,28
28_6_6908482,28
28_1_2174063,28
28_4_5854708,28
28_11_6277975,28
28_9_555699,28
28_7_9156646,28
28_11_4579572,28
28_11_8971585,28
28_3_1152734,28
28_9_2482069,28
28_1_6706639,28
28_0_2747762,28
28_4_476731,28
28_1_5291580,28
28_6_7278081,28
28_2_3846677,28
28_11_8259550,28
28_3_9632980,28
28_2_881909,28
28_2_3478001,28
28_5_8598333,28
28_5_7799713,28
28_7_3015647,28
28_10_826823,28
28_1_3884476,28
28_0_4565317,28
28_5_8217270,28
28_11_1252527,28
28_6_7760488,28
28_0_1340450,28
28_10_5489060,28
28_0_9215069,28
28_5_5557442,28
28_1_3048809,28
28_8_7031661,28
28_0_3659004,28
28_10_1265607,28
28_3_8158032,28
28_3_9709802,28
28_4_1940945,28
28_3_6123226,28
28_1_1255239,28
28_9_457415,28
28_1_6911779,28
28_2_266454,28
28_11_6850014,28
28_7_5108237,28
28_4_615341,28
28_3_2405786,28
28_10_7895216,28
28_9_8282158,28
28_8_5153642,28
28_2_3643681,28
28_6_170949,28
28_1_4678852,28
28_6_8247443,28
28_10_2450851,28
28_7_7172702,28
49_7_1791124,49
49_10_1225954,49
49_9_351291,49
49_3_9650865,49
49_5_4457907,49
49_1_2078392,49
49_6_4664556,49
49_5_4284460,49
49_2_1955805,49
49_9_5907968,49
49_8_8175711,49
49_10_598251,49
49_6_2703429,49
49_4_1320811,49
49_8_9349956,49
49_11_8324376,49
49_2_8773032,49
49_2_2565153,49
49_11_1389579,49
49_7_6307611,49
49_10_7899823,49
49_2_6126669,49
49_8_5443132,49
49_9_5907649,49
49_7_7886135,49
49_10_3304639,49
49_3_6394124,49
49_11_2438655,49
49_4_9259318,49
49_4_7843083,49
49_9_9166059,49
49_0_5391636,49
49_10_1526961,49
49_1_8472748,49
49_3_388601,49
49_1_5622663,49
49_2_4114421,49
49_4_4192891,49
49_10_8972547,49
49_10_6317124,49
49_1_8059585,49
49_0_1263279,49
49_6_8341494,49
49_8_8814002,49
49_4_4728883,49
49_7_8582305,49
49_0_8357972,49
49_4_2748590,49
49_2_7704995,49
49_8_3496890,49
49_11_7721882,49
49_7_9712837,49
49_3_2133374,49
49_11_3060380,49
49_11_7368903,49
49_8_7600552,49
49_3_3797014,49
49_1_6584252,49
49_4_4564405,49
49_9_3994885,49
49_5_8994596,49
49_7_3674796,49
49_3_3018268,49
49_8_8433844,49
49_6_8542782,49
49_3_8923269,49
49_2_9781081,49
49_0_6089949,49
49_9_701180,49
49_5_5443468,49
49_0_8616890,49
49_8_9712446,49
49_5_5793205,49
49_3_4675215,49
49_5_828761,49
49_11_1890425,49
49_7_9796829,49
49_4_4918742,49
49_5_4238182,49
49_9_8386643,49
49_1_8081714,49
49_6_2639855,49
49_5_5290920,49
49_0_6298152,49
49_6_3612198,49
49_6_3706633,49
49_0_8812757,49
49_1_1706921,49
16_2_4901428,16
16_2_3493274,16
16_0_4149816,16
16_6_5727063,16
16_11_667339,16
16_9_3595533,16
16_10_7664778,16
16_4_1330660,16
16_9_9677698,16
16_6_2246670,16
16_7_4664298,16
16_7_4057309,16
16_1_1800577,16
16_6_5808319,16
16_7_3047344,16
16_2_7727747,16
16_5_9822355,16
16_3_2639934,16
16_3_3007763,16
16_3_1379801,16
16_11_3785715,16
16_2_1478161,16
16_5_8542555,16
16_11_8877035,16
16_9_706848,16
16_10_6082949,16
16_0_8347180,16
16_5_2784354,16
16_10_8089174,16
16_4_2221577,16
16_9_2847454,16
16_10_5685236,16
16_9_1354670,16
16_4_4113360,16
16_8_1233561,16
16_10_3908389,16
16_7_8793432,16
16_5_6625888,16
16_3_6343532,16
16_1_7496533,16
16_6_3829750,16
16_0_3918098,16
16_5_9968863,16
16_11_6885266,16
16_2_4908356,16
16_0_1356001,16
16_8_968841,16
16_11_6762444,16
16_4_4840223,16
16_10_9755418,16
16_10_3480304,16
16_0_8995266,16
16_11_8610153,16
16_2_2209331,16
16_4_8038264,16
16_3_7419313,16
16_8_2001544,16
16_0_4482101,16
16_9_7108037,16
16_8_8169308,16
16_8_3608917,16
16_0_4779727,16
16_11_5276852,16
16_10_6285024,16
16_3_3977856,16
16_6_4821615,16
16_1_4904449,16
16_4_9332014,16
16_5_3140174,16
16_7_8795385,16
16_9_5660915,16
16_3_8404632,16
16_1_4532376,16
16_6_5253508,16
16_9_4045831,16
16_1_1135291,16
16_7_8864181,16
16_6_5964431,16
16_6_2693422,16
16_2_2413568,16
16_1_8339695,16
16_8_5977957,16
16_1_3458062,16
16_1_6590842,16
16_5_648921,16
16_4_8484755,16
16_7_2483022,16
16_8_915383,16
62_3_3764894,62
62_0_3776210,62
62_3_5566500,62
62_4_4256084,62
62_7_3294939,62
62_0_1778256,62
62_7_943370,62
62_6_8131302,62
62_2_8686162,62
62_0_3880482,62
62_0_383814,62
62_9_4148298,62
62_10_6507576,62
62_1_8212001,62
62_2_1277104,62
62_7_2041575,62
62_8_621455,62
62_4_4090661,62
62_6_6825597,62
62_5_1250737,62
62_3_7110566,62
62_6_9352125,62
62_9_8157465,62
62_5_2615075,62
62_8_6487217,62
62_6_2700523,62
62_10_2582247,62
62_9_543431,62
62_1_7905861,62
62_6_451685,62
62_4_9934376,62
62_0_904050,62
62_8_4669852,62
62_4_8754917,62
62_9_3371463,62
62_9_2696003,62
62_7_8845884,62
62_1_5811594,62
62_1_2696194,62
62_10_7132626,62
62_3_2932261,62
62_10_6132411,62
62_2_5464003,62
62_0_4825350,62
62_2_3429501,62
62_7_1444220,62
62_7_2399522,62
62_4_7501134,62
62_8_1875620,62
62_9_1909409,62
62_10_1210347,62
62_4_1192384,62
62_3_25194,62
62_0_829048,62
62_5_8583212,62
62_10_3464596,62
62_1_1000888,62
62_2_808500,62
62_7_9967501,62
62_2_6308237,62
62_7_5485830,62
62_8_1169951,62
62_5_7500476,62
62_6_2385907,62
62_10_2146741,62
62_8_7894079,62
62_4_7431663,62
62_1_7192608,62
62_5_1955348,62
62_3_2034813,62
62_5_9362794,62
62_0_7209500,62
62_6_7794655,62
62_9_2578469,62
62_1_727431,62
62_2_4199487,62
62_4_3632019,62
62_10_962895,62
62_2_1031143,62
62_3_898500,62
62_3_7821251,62
62_6_1830532,62
62_10_4597258,62
62_8_6103113,62
62_1_3401785,62
62_9_8794623,62
62_5_1650729,62
62_8_6530875,62
62_5_4421626,62
66_10_8541125,66
66_9_5701784,66
66_0_8603770,66
66_3_8741381,66
66_6_535580,66
66_10_4347193,66
66_5_7979338,66
66_3_2881036,66
66_4_647128,66
66_5_8376819,66
66_9_9995674,66
66_4_3916769,66
66_3_1420366,66
66_8_622747,66
66_0_8334627,66
66_10_9676912,66
66_9_9498005,66
66_8_7354866,66
66_3_9478657,66
66_7_5413993,66
66_0_5862818,66
66_6_7424111,66
66_8_3503556,66
66_9_8937522,66
66_8_6070164,66
66_0_2442654,66
66_5_9664706,66
66_10_3163817,66
66_1_9751743,66
66_2_2201127,66
66_2_3297356,66
66_8_4691028,66
66_9_5272835,66
66_1_3373273,66
66_0_3303455,66
66_1_4217663,66
66_7_5463285,66
66_7_6146168,66
66_10_5123656,66
66_3_2115777,66
66_2_2778895,66
66_7_8227253,66
66_0_7435594,66
66_6_2859325,66
66_7_1931462,66
66_1_2476287,66
66_2_9567620,66
66_1_7264329,66
66_4_6253699,66
66_1_6764473,66
66_5_3445750,66
66_4_6081188,66
66_10_7661758,66
66_2_5499084,66
66_1_6202957,66
66_8_651589,66
66_7_4622093,66
66_5_4490574,66
66_1_2347923,66
66_3_1664980,66
66_9_5876902,66
66_2_2382479,66
66_0_2349196,66
66_4_2213317,66
66_6_8074689,66
66_1_2440564,66
66_7_4662695,66
66_6_7613437,66
66_5_5447325,66
66_8_5010277,66
66_3_3662207,66
66_7_918883,66
66_4_3156357,66
66_2_2774684,66
66_6_4371117,66
66_9_1132940,66
66_6_8821870,66
66_10_6437137,66
66_3_9038592,66
66_9_3276017,66
66_0_5837507,66
66_10_3391594,66
66_2_430444,66
66_4_2872338,66
66_4_5557472,66
66_6_1996350,66
66_5_7198522,66
66_5_5101167,66
66_8_5874157,66
46_5_7376878,46
46_6_9373719,46
46_6_4654964,46
46_1_6006623,46
46_6_6768020,46
46_6_5568204,46
46_0_6957718,46
46_5_2680352,46
46_8_8391633,46
46_2_7198723,46
46_9_3540484,46
46_7_6073184,46
46_4_1205949,46
46_0_3789557,46
46_0_9578855,46
46_3_3711094,46
46_3_5863800,46
46_1_6927451,46
46_0_1406075,46
46_2_1457038,46
46_8_9321803,46
46_9_6684066,46
46_9_7293320,46
46_1_2453821,46
46_7_9823739,46
46_8_7904437,46
46_9_7127538,46
46_2_884658,46
46_9_1702668,46
46_0_8028235,46
46_3_2528740,46
46_7_6196398,46
46_6_6733590,46
46_8_268852,46
46_10_1867692,46
46_7_9998911,46
46_7_2788380,46
46_1_6633665,46
46_0_9738122,46
46_10_5293889,46
46_5_1311905,46
46_1_5971767,46
46_4_8690879,46
46_2_9242548,46
46_7_9893000,46
46_0_6175074,46
46_4_3247610,46
46_6_7210739,46
46_5_229232,46
46_8_5073828,46
46_4_4005560,46
46_2_2678001,46
46_3_210730,46
46_3_6114153,46
46_10_463113,46
46_5_812538,46
46_2_3544006,46
46_9_4089774,46
46_3_1080628,46
46_9_1197573,46
46_0_5666691,46
46_5_4077546,46
46_6_2158448,46
46_3_8492413,46
46_7_5651907,46
46_2_8680359,46
46_1_6988831,46
46_9_4923941,46
46_1_4033156,46
46_7_7080718,46
46_5_9293774,46
46_8_9405148,46
46_6_5916802,46
46_2_3188618,46
46_8_4243187,46
46_10_7205558,46
46_10_7879104,46
46_8_166428,46
46_10_9879104,46
46_6_9228778,46
46_1_8595173,46
46_10_6686125,46
46_10_2823160,46
46_4_3010235,46
46_4_9082635,46
46_4_7157927,46
46_5_5744088,46
46_4_3371247,46
46_3_483457,46
56_1_7948686,56
56_6_6330481,56
56_0_5792116,56
56_0_6508657,56
56_3_4008390,56
56_1_9363767,56
56_8_3411985,56
56_5_728313,56
56_9_9761695,56
56_0_2869394,56
56_5_9660500,56
56_6_2902860,56
56_0_4877856,56
56_2_2273039,56
56_5_431089,56
56_7_4149401,56
56_2_6796043,56
56_1_33286,56
56_4_3916354,56
56_3_2935426,56
56_8_1105942,56
56_5_6295897,56
56_7_2514275,56
56_6_4076129,56
56_7_4905517,56
56_4_550628,56
56_7_9748160,56
56_4_52636,56
56_0_8698452,56
56_8_4525375,56
56_8_6188866,56
56_9_5861062,56
56_4_9129536,56
56_0_4853972,56
56_6_3305233,56
56_2_4207684,56
56_1_8893935,56
56_2_4659983,56
56_9_1039198,56
56_9_8658698,56
56_7_2950873,56
56_2_3052416,56
56_7_9060505,56
56_9_5958793,56
56_2_8620101,56
56_0_8798875,56
56_6_713643,56
56_1_6634605,56
56_0_201247,56
56_4_8922670,56
56_6_135122,56
56_3_4446747,56
56_5_2382741,56
56_2_6755605,56
56_4_9515331,56
56_3_6476663,56
56_3_9576459,56
56_8_9038585,56
56_6_5098756,56
56_7_7448411,56
56_2_8543366,56
56_7_992216,56
56_1_3910973,56
56_8_5035393,56
56_4_1493319,56
56_5_1505211,56
56_5_218503,56
56_9_1192969,56
56_0_8364030,56
56_1_8659339,56
56_9_8929999,56
56_7_8758090,56
56_8_4573118,56
56_6_3033241,56
56_5_2612095,56
56_8_8637324,56
56_9_7573337,56
56_1_974675,56
56_3_9861682,56
56_3_840469,56
56_4_5103104,56
56_3_1822928,56
56_8_2266394,56
56_2_1471723,56
56_4_4541645,56
56_5_7242293,56
56_9_1420487,56
56_6_3130499,56
56_3_5697284,56
56_1_1587737,56
38_6_1640027,38
38_6_1452617,38
38_5_9936206,38
38_2_3758258,38
38_4_6795752,38
38_4_3298572,38
38_7_1716528,38
38_9_3374423,38
38_6_8081755,38
38_1_8740414,38
38_0_2390843,38
38_3_9793620,38
38_4_9721498,38
38_9_9010920,38
38_0_9531767,38
38_5_4269416,38
38_9_1093533,38
38_6_5701367,38
38_9_5539562,38
38_5_5594598,38
38_1_1487618,38
38_1_2351526,38
38_7_1981567,38
38_3_2021922,38
38_2_6551054,38
38_9_156501,38
38_8_8850988,38
38_3_2238227,38
38_3_9519057,38
38_2_6930352,38
38_6_6740254,38
38_0_2074770,38
38_8_1065669,38
38_5_5681699,38
38_8_5323175,38
38_5_728997,38
38_1_3579567,38
38_5_5215675,38
38_9_8576699,38
38_5_2183753,38
38_9_1212885,38
38_1_6306992,38
38_8_9727917,38
38_6_5745430,38
38_1_5239628,38
38_4_3945200,38
38_0_619361,38
38_7_6550062,38
38_3_3361018,38
38_1_951834,38
38_0_3199863,38
38_7_3050734,38
38_4_1578688,38
38_0_7801833,38
38_8_6381662,38
38_3_7889617,38
38_1_161453,38
38_8_7498578,38
38_2_4176031,38
38_4_2395769,38
38_2_5484879,38
38_6_4446351,38
38_1_6707637,38
38_3_5372677,38
38_2_6972469,38
38_2_7454790,38
38_0_8656724,38
38_4_2333504,38
38_2_2704122,38
38_7_2819575,38
38_8_7151229,38
38_9_6887179,38
38_3_8926608,38
38_7_5605274,38
38_6_9674471,38
38_7_9499765,38
38_7_6707901,38
38_5_4584458,38
38_8_2479110,38
38_7_2248603,38
38_4_72878,38
38_3_7427366,38
38_6_6837106,38
38_4_2715063,38
38_2_7636922,38
38_0_7772193,38
38_0_1081835,38
38_5_8762153,38
38_9_5714092,38
38_8_139820,38
54_4_3135029,54
54_1_4474998,54
54_9_9427990,54
54_6_6807757,54
54_6_8835278,54
54_2_7094087,54
54_5_8925725,54
54_9_5644233,54
54_5_7306502,54
54_9_2476843,54
54_0_7772391,54
54_9_8408460,54
54_0_7392174,54
54_6_3873906,54
54_9_6125640,54
54_5_4299292,54
54_5_4003635,54
54_3_7982158,54
54_0_2127102,54
54_3_7915759,54
54_8_2979167,54
54_8_4795478,54
54_9_3474780,54
54_2_7811967,54
54_2_6250894,54
54_5_7818533,54
54_0_7881688,54
54_3_2494909,54
54_6_982857,54
54_2_2242682,54
54_1_8849047,54
54_5_3124484,54
54_4_6984357,54
54_7_1235666,54
54_4_9966524,54
54_2_4381120,54
54_4_6123452,54
54_8_9816941,54
54_4_7328416,54
54_9_5284853,54
54_0_8582206,54
54_1_2256607,54
54_9_8671399,54
54_8_6860910,54
54_8_8214665,54
54_3_1319650,54
54_1_2653318,54
54_4_6216594,54
54_0_5837333,54
54_5_8929196,54
54_5_8752678,54
54_0_8872487,54
54_1_3822048,54
54_6_7149612,54
54_3_3083543,54
54_7_5044584,54
54_2_5976710,54
54_7_6415741,54
54_8_8997896,54
54_7_1765976,54
54_3_2674248,54
54_1_2721102,54
54_6_7870710,54
54_4_6821958,54
54_4_9233300,54
54_2_5021778,54
54_3_5738090,54
54_7_3078239,54
54_7_3080921,54
54_8_1092403,54
54_7_3466705,54
54_6_8325445,54
54_0_6905679,54
54_5_2417049,54
54_1_912774,54
54_0_8508716,54
54_8_2082320,54
54_2_9049801,54
54_6_5756170,54
54_3_9512026,54
54_6_1543250,54
54_8_9514137,54
54_7_5482525,54
54_1_1189944,54
54_2_7724763,54
54_1_7570613,54
54_3_8344429,54
54_9_6491589,54
54_7_5203593,54
54_4_815964,54
10_4_2816845,10
10_5_1642788,10
10_6_4918757,10
10_4_2529339,10
10_1_2962157,10
10_8_9929870,10
10_0_2399297,10
10_9_2902371,10
10_4_8159336,10
10_6_7149698,10
10_5_8800859,10
10_9_929395,10
10_2_2946595,10
10_2_7215732,10
10_7_9007779,10
10_8_6775496,10
10_7_6027965,10
10_8_8378582,10
10_7_6348310,10
10_3_4578184,10
10_2_3371062,10
10_4_3300066,10
10_9_5549837,10
10_7_8301916,10
10_8_7941062,10
10_2_4334506,10
10_3_1803534,10
10_2_15343,10
10_0_555103,10
10_1_618129,10
10_9_4840124,10
10_6_9099616,10
10_1_6974671,10
10_4_84701,10
10_2_4942491,10
10_1_5933767,10
10_1_6376386,10
10_8_606730,10
10_5_5846858,10
10_0_3086290,10
10_2_2303085,10
10_0_1140384,10
10_9_5465142,10
10_6_3618231,10
10_3_3970319,10
10_0_7596775,10
10_6_8542613,10
10_8_474369,10
10_1_6564908,10
10_8_2609013,10
10_4_1790013,10
10_9_7225202,10
10_3_5903370,10
10_3_7726374,10
10_5_1077388,10
10_0_1876992,10
10_2_7569601,10
10_4_4116736,10
10_7_2066517,10
10_3_9814209,10
10_1_5154512,10
10_5_1930966,10
10_7_1222795,10
10_9_1513336,10
10_7_9753990,10
10_6_6752876,10
10_8_1681838,10
10_0_7147118,10
10_9_5841863,10
10_7_7676150,10
10_4_1946870,10
10_6_1037396,10
10_5_8020091,10
10_0_169448,10
10_1_1148501,10
10_1_7250992,10
10_5_9180977,10
10_6_5226142,10
10_4_2129622,10
10_5_5867871,10
10_0_3512223,10
10_8_6880377,10
10_3_4618471,10
10_9_3303278,10
10_7_1458916,10
10_6_2687550,10
10_2_7708059,10
10_3_5121872,10
10_5_235501,10
10_3_2167492,10
